id,name,amount,date
4df4eb26-40a7-4d2f-9b90-,Employee_1,2000,2025-02-10 00:43:08
8e0ddd86-b4f0-4e4a-862e-,Employee_2,2250,2025-02-11 00:43:08
782e0ab0-cc32-4d7d-ab14-,Employee_3,2500,2025-02-12 00:43:08
605bf6ab-e1e2-4b16-b679-,Employee_4,2750,2025-02-13 00:43:08
1d56288a-1996-4744-9a23-,Employee_5,3000,2025-02-14 00:43:08
300e5899-c027-4872-8052-,Employee_6,2000,2025-02-15 00:43:08
166c9a4c-3fb7-4cdb-a15c-,Employee_7,2250,2025-02-16 00:43:08
7f1c6e73-76be-4dcb-ab33-,Employee_8,2500,2025-02-17 00:43:08
a42add98-3069-44b8-bc6a-,Employee_9,2750,2025-02-18 00:43:08
5f0005d3-824e-4961-83b6-,Employee_10,3000,2025-02-19 00:43:08
f86bee55-c536-473b-9ea2-,Employee_11,2000,2025-02-20 00:43:08
ffcc1aa8-2a8e-4b7d-9e06-,Employee_12,2250,2025-02-21 00:43:08
b124fa23-cfb5-4e12-9c5a-,Employee_13,2500,2025-02-22 00:43:08
4ab4de9d-d86c-4d96-b246-,Employee_14,2750,2025-02-23 00:43:08
be0c8d03-ca44-46ea-ad16-,Employee_15,3000,2025-02-24 00:43:08
ea4351d3-e9e4-4ad9-9568-,Employee_16,2000,2025-02-25 00:43:08
9dd2e8b2-1ce0-47a7-9dc1-,Employee_17,2250,2025-02-26 00:43:08
8da9137f-f12b-4803-b370-,Employee_18,2500,2025-02-27 00:43:08
05d65f2a-e768-41cb-955e-,Employee_19,2750,2025-02-28 00:43:08
82f29257-5b78-476a-9165-,Employee_20,3000,2025-03-01 00:43:08
6a175d9a-f5c7-4e60-bce5-,Employee_21,2000,2025-03-02 00:43:08
13541cd9-4d06-41d2-bd0b-,Employee_22,2250,2025-03-03 00:43:08
56c7ca7c-145f-4895-b6a5-,Employee_23,2500,2025-03-04 00:43:08
e443e1e8-0899-4313-ac40-,Employee_24,2750,2025-03-05 00:43:08
cc2d0b56-0fef-4826-838b-,Employee_25,3000,2025-03-06 00:43:08
1cbe86a4-197d-4f43-857b-,Employee_26,2000,2025-03-07 00:43:08
f2b63907-7d6f-4ba4-bb6c-,Employee_27,2250,2025-03-08 00:43:08
15b68cd9-4b2b-46f3-a4f7-,Employee_28,2500,2025-03-09 00:43:08
7743d28c-516c-4f25-acf5-,Employee_29,2750,2025-03-10 00:43:08
603cb670-a6d9-48c0-9cd5-,Employee_30,3000,2025-03-11 00:43:08
d0a37ea7-3b35-4e15-9fb3-,Employee_31,2000,2025-03-12 00:43:08
7af5ea1c-cd0b-474f-8067-,Employee_32,2250,2025-03-13 00:43:08
03a5dc39-6e5d-4ab7-adfc-,Employee_33,2500,2025-03-14 00:43:08
8d34f725-9e8c-4037-98ae-,Employee_34,2750,2025-03-15 00:43:08
5b390d84-995c-4dfc-887c-,Employee_35,3000,2025-03-16 00:43:08
5abb07c1-a816-410a-8866-,Employee_36,2000,2025-03-17 00:43:08
9cae7192-e1e0-4dd9-823f-,Employee_37,2250,2025-03-18 00:43:08
8f725162-f4c3-4885-8f6f-,Employee_38,2500,2025-03-19 00:43:08
07781e91-092c-4117-a352-,Employee_39,2750,2025-03-20 00:43:08
9035519c-60f0-41f0-88b3-,Employee_40,3000,2025-03-21 00:43:08
c7208be2-d118-49e7-853b-,Employee_41,2000,2025-03-22 00:43:08
08dfcdf5-510b-4a96-9ccf-,Employee_42,2250,2025-03-23 00:43:08
7a6ec1b2-ce9d-486a-b34b-,Employee_43,2500,2025-03-24 00:43:08
ab146a67-66c1-41b6-b026-,Employee_44,2750,2025-03-25 00:43:08
0b4a38f6-b3a7-4f53-adae-,Employee_45,3000,2025-03-26 00:43:08
d28e3faf-7a5d-46bc-86a8-,Employee_46,2000,2025-03-27 00:43:08
538890f3-9f57-4553-9c56-,Employee_47,2250,2025-03-28 00:43:08
c093640f-a9cc-4079-bf61-,Employee_48,2500,2025-03-29 00:43:08
30418c9b-049c-427e-8ee5-,Employee_49,2750,2025-03-30 00:43:08
8ab1cf44-717d-4650-a9c2-,Employee_50,3000,2025-03-31 00:43:08
92950515-ede1-4a3d-a457-,Employee_51,2000,2025-04-01 00:43:08
a8d69b27-f920-4b92-9e8c-,Employee_52,2250,2025-04-02 00:43:08
b07cf547-2691-46c2-82cf-,Employee_53,2500,2025-04-03 00:43:08
0b49beb9-94a4-4eb6-8a4e-,Employee_54,2750,2025-04-04 00:43:08
ef920f34-a561-4752-b413-,Employee_55,3000,2025-04-05 00:43:08
2bbc6c0b-ef18-4d23-bc76-,Employee_56,2000,2025-04-06 00:43:08
de3f6918-fbee-48a7-b752-,Employee_57,2250,2025-04-07 00:43:08
377877d9-9780-4a92-84a5-,Employee_58,2500,2025-04-08 00:43:08
9209d387-450f-4c1e-9405-,Employee_59,2750,2025-04-09 00:43:08
093c1749-0d5b-4e6f-8dfe-,Employee_60,3000,2025-04-10 00:43:08
7054c819-dfd6-409a-aefb-,Employee_61,2000,2025-04-11 00:43:08
6b92ea60-dae5-40b4-93df-,Employee_62,2250,2025-04-12 00:43:08
d2bbf9ed-2b83-45ef-ab38-,Employee_63,2500,2025-04-13 00:43:08
0e3da43f-a1a8-47ad-a924-,Employee_64,2750,2025-04-14 00:43:08
47d511b1-115f-477f-866a-,Employee_65,3000,2025-04-15 00:43:08
40ee6996-4c01-4066-bf80-,Employee_66,2000,2025-04-16 00:43:08
ddce528d-f24a-4407-9e3e-,Employee_67,2250,2025-04-17 00:43:08
d3ff23eb-3214-4fcf-9d14-,Employee_68,2500,2025-04-18 00:43:08
e36b0ce0-3a6c-4cfc-adf3-,Employee_69,2750,2025-04-19 00:43:08
7f8dceb3-8fb3-4248-82fe-,Employee_70,3000,2025-04-20 00:43:08
b19b37fc-2c87-427c-97ae-,Employee_71,2000,2025-04-21 00:43:08
48e8af77-32fa-4440-8648-,Employee_72,2250,2025-04-22 00:43:08
59de0020-68fc-4ca7-b96a-,Employee_73,2500,2025-04-23 00:43:08
23ed9fbc-ed11-4f2c-8151-,Employee_74,2750,2025-04-24 00:43:08
d54f87be-0d5e-40a2-8ad6-,Employee_75,3000,2025-04-25 00:43:08
3e113da1-4c99-4e8d-b62f-,Employee_76,2000,2025-04-26 00:43:08
466567b9-57bc-4aa2-8799-,Employee_77,2250,2025-04-27 00:43:08
b043e86c-5587-4a18-a9d5-,Employee_78,2500,2025-04-28 00:43:08
918f7d6a-26b0-48ff-9e78-,Employee_79,2750,2025-04-29 00:43:08
af4ea40f-9626-44f4-a00e-,Employee_80,3000,2025-04-30 00:43:08
3592b4a0-f590-4f10-8ec2-,Employee_81,2000,2025-05-01 00:43:08
5094becc-4663-4f19-a9e0-,Employee_82,2250,2025-05-02 00:43:08
5837df89-e41f-40bd-8870-,Employee_83,2500,2025-05-03 00:43:08
6ca4c447-e916-42d9-86ce-,Employee_84,2750,2025-05-04 00:43:08
00f7bad1-2ac5-4082-89c6-,Employee_85,3000,2025-05-05 00:43:08
4616e720-f3d5-40a1-9992-,Employee_86,2000,2025-05-06 00:43:08
d3b5181f-f179-4136-8cb0-,Employee_87,2250,2025-05-07 00:43:08
346161ee-cc31-4471-8067-,Employee_88,2500,2025-05-08 00:43:08
0f070922-1e27-4ab6-882b-,Employee_89,2750,2025-05-09 00:43:08
0d022aee-e703-4ae7-9a29-,Employee_90,3000,2025-05-10 00:43:08
24baaa61-9074-4ee9-a422-,Employee_91,2000,2025-05-11 00:43:08
d6aa62b4-94a0-4bf8-bcda-,Employee_92,2250,2025-05-12 00:43:08
e2cb0ce9-cf00-4257-9933-,Employee_93,2500,2025-05-13 00:43:08
3518d5c4-0816-4518-9deb-,Employee_94,2750,2025-05-14 00:43:08
fc429748-5788-445a-a05b-,Employee_95,3000,2025-05-15 00:43:08
e22a5bf3-d5b8-4b2b-90c3-,Employee_96,2000,2025-05-16 00:43:08
d8a5967c-77b8-4575-9228-,Employee_97,2250,2025-05-17 00:43:08
0c120e9a-fdda-47b8-b2bc-,Employee_98,2500,2025-05-18 00:43:08
ae857e90-fa44-4c01-97e6-,Employee_99,2750,2025-05-19 00:43:08
23c0242c-5f22-4a1e-8e0f-,Employee_100,3000,2025-05-20 00:43:08
1c564439-b586-46f8-a842-,Employee_101,2000,2025-05-21 00:43:08
0de2ac5a-550c-4b01-b99f-,Employee_102,2250,2025-05-22 00:43:08
f4310f71-332b-452e-a76f-,Employee_103,2500,2025-05-23 00:43:08
efb70020-0d9e-4bc2-90bb-,Employee_104,2750,2025-05-24 00:43:08
0a1e1635-24e6-44b1-ab0b-,Employee_105,3000,2025-05-25 00:43:08
a50e277c-a454-4aa8-9d14-,Employee_106,2000,2025-05-26 00:43:08
1bcad834-b29c-4fd8-9f77-,Employee_107,2250,2025-05-27 00:43:08
1364ef08-e950-436a-85be-,Employee_108,2500,2025-05-28 00:43:08
6608bcf8-f9d3-45be-a61d-,Employee_109,2750,2025-05-29 00:43:08
da89c783-2230-4c98-a617-,Employee_110,3000,2025-05-30 00:43:08
05cd8076-a3ac-4323-8d81-,Employee_111,2000,2025-05-31 00:43:08
cffdd662-5b1a-4d84-b454-,Employee_112,2250,2025-06-01 00:43:08
8cb74180-0115-4ac2-a31b-,Employee_113,2500,2025-06-02 00:43:08
a43bc532-8ee9-492d-b90c-,Employee_114,2750,2025-06-03 00:43:08
12000f11-7154-471e-bd5f-,Employee_115,3000,2025-06-04 00:43:08
b856cda5-9fed-42d4-8fbb-,Employee_116,2000,2025-06-05 00:43:08
1e41cdba-42b5-47ab-b724-,Employee_117,2250,2025-06-06 00:43:08
4f26cbf2-737e-488f-87f9-,Employee_118,2500,2025-06-07 00:43:08
c42921bb-89cb-44db-b7ff-,Employee_119,2750,2025-06-08 00:43:08
cbc2c74e-1e10-4de0-84b1-,Employee_120,3000,2025-06-09 00:43:08
126d30c4-ea23-4349-944f-,Employee_121,2000,2025-06-10 00:43:08
4b2456bd-ea0f-4f86-bf02-,Employee_122,2250,2025-06-11 00:43:08
508f04dd-7a7d-4eb2-a1d6-,Employee_123,2500,2025-06-12 00:43:08
a9242ab1-245f-4275-8201-,Employee_124,2750,2025-06-13 00:43:08
33e8b5f1-cfc4-4f4e-b3e9-,Employee_125,3000,2025-06-14 00:43:08
6b22f466-3830-447b-93be-,Employee_126,2000,2025-06-15 00:43:08
41196b4e-8f51-4764-8213-,Employee_127,2250,2025-06-16 00:43:08
7c7c798c-2c73-4389-ba78-,Employee_128,2500,2025-06-17 00:43:08
9f1e222e-69f6-4441-9630-,Employee_129,2750,2025-06-18 00:43:08
6105a366-ba7a-4906-8a91-,Employee_130,3000,2025-06-19 00:43:08
8af0d928-527d-489f-ab74-,Employee_131,2000,2025-06-20 00:43:08
f71cd5b2-152b-488d-8b61-,Employee_132,2250,2025-06-21 00:43:08
015b3643-e17b-40a7-9cd6-,Employee_133,2500,2025-06-22 00:43:08
d87a32cb-2a4b-46f0-a4bd-,Employee_134,2750,2025-06-23 00:43:08
dea78c62-0e36-4adc-84b4-,Employee_135,3000,2025-06-24 00:43:08
08ebe142-fd28-4f66-ae9b-,Employee_136,2000,2025-06-25 00:43:08
dc2f3ae2-981b-4eca-adcd-,Employee_137,2250,2025-06-26 00:43:08
e7decf71-dc0b-4626-91b1-,Employee_138,2500,2025-06-27 00:43:08
14ec77a1-55de-4b0b-8444-,Employee_139,2750,2025-06-28 00:43:08
159839bd-1187-4b58-91cf-,Employee_140,3000,2025-06-29 00:43:08
00d00180-3972-4a10-8bc5-,Employee_141,2000,2025-06-30 00:43:08
dfe7dcda-0a6a-4c09-a559-,Employee_142,2250,2025-07-01 00:43:08
15860c02-3f86-4020-87e8-,Employee_143,2500,2025-07-02 00:43:08
4747831d-dbe2-4084-b507-,Employee_144,2750,2025-07-03 00:43:08
d2b11808-864c-48fb-bab0-,Employee_145,3000,2025-07-04 00:43:08
4b0d04e5-b66a-44c0-a68c-,Employee_146,2000,2025-07-05 00:43:08
c10a3800-a9a2-42a4-adb5-,Employee_147,2250,2025-07-06 00:43:08
c9c3bedc-23b0-4379-8a7b-,Employee_148,2500,2025-07-07 00:43:08
231691dc-58a0-4ef8-a94d-,Employee_149,2750,2025-07-08 00:43:08
efb94547-bd6b-4677-9d8e-,Employee_150,3000,2025-07-09 00:43:08
2359e839-9dfd-4f6a-b32a-,Employee_151,2000,2025-07-10 00:43:08
5a514ade-ef6a-43e5-8436-,Employee_152,2250,2025-07-11 00:43:08
4c914f27-af4f-4dcf-a1b7-,Employee_153,2500,2025-07-12 00:43:08
8fd6f442-1e32-4000-9d62-,Employee_154,2750,2025-07-13 00:43:08
da4db0b8-bc80-4091-a6b9-,Employee_155,3000,2025-07-14 00:43:08
a7c25ab4-b889-4af0-82f9-,Employee_156,2000,2025-07-15 00:43:08
69ce6c7e-980d-43fa-ba53-,Employee_157,2250,2025-07-16 00:43:08
ec6febd9-e641-44e4-a090-,Employee_158,2500,2025-07-17 00:43:08
fe40f34a-48a9-4964-83dd-,Employee_159,2750,2025-07-18 00:43:08
4c982e11-81df-4a80-8354-,Employee_160,3000,2025-07-19 00:43:08
27f0adaa-f9f5-4e1b-8d41-,Employee_161,2000,2025-07-20 00:43:08
bcf492f1-d2f2-41e4-b050-,Employee_162,2250,2025-07-21 00:43:08
41518557-e429-4879-a902-,Employee_163,2500,2025-07-22 00:43:08
ad392d94-94f6-4f3a-acdd-,Employee_164,2750,2025-07-23 00:43:08
05e76882-a58c-4681-8392-,Employee_165,3000,2025-07-24 00:43:08
aa78df34-9f8b-415b-a369-,Employee_166,2000,2025-07-25 00:43:08
eb3c2764-10ae-4ec4-a182-,Employee_167,2250,2025-07-26 00:43:08
750c70cd-88da-4249-8e8e-,Employee_168,2500,2025-07-27 00:43:08
6e61dcfc-7d20-4e77-b09e-,Employee_169,2750,2025-07-28 00:43:08
e00b66f4-c3df-4e91-8f0d-,Employee_170,3000,2025-07-29 00:43:08
9f4c40aa-fc30-443d-95e3-,Employee_171,2000,2025-07-30 00:43:08
05c8d070-7807-45c3-8b63-,Employee_172,2250,2025-07-31 00:43:08
e1dd2623-7319-4bd6-9c89-,Employee_173,2500,2025-08-01 00:43:08
71b23a4c-40ec-48af-afc7-,Employee_174,2750,2025-08-02 00:43:08
ee113e00-9856-4178-8ae2-,Employee_175,3000,2025-08-03 00:43:08
fe0eae5e-ded6-485a-b7ef-,Employee_176,2000,2025-08-04 00:43:08
dce9150e-7a13-43ef-9f79-,Employee_177,2250,2025-08-05 00:43:08
585690ea-4d78-4f12-aeed-,Employee_178,2500,2025-08-06 00:43:08
715e37ee-c34c-4d60-8c02-,Employee_179,2750,2025-08-07 00:43:08
9ddcc35c-0442-4569-b6b4-,Employee_180,3000,2025-08-08 00:43:08
ab638d34-eaaa-4274-ae39-,Employee_181,2000,2025-08-09 00:43:08
9dc93cba-2dc9-446f-98e5-,Employee_182,2250,2025-08-10 00:43:08
e85e9531-7b08-4ab6-b5bd-,Employee_183,2500,2025-08-11 00:43:08
e72bdff1-b742-4fc7-b08f-,Employee_184,2750,2025-08-12 00:43:08
14346a71-7cb6-494e-bd95-,Employee_185,3000,2025-08-13 00:43:08
9f1ac09f-325a-4810-a953-,Employee_186,2000,2025-08-14 00:43:08
51ebad80-addf-4fa6-a3dd-,Employee_187,2250,2025-08-15 00:43:08
3918f02e-ebc7-4f7b-8f64-,Employee_188,2500,2025-08-16 00:43:08
57c2949d-5ce4-4214-a561-,Employee_189,2750,2025-08-17 00:43:08
b1423ea8-d746-4383-b8d3-,Employee_190,3000,2025-08-18 00:43:08
83edf68c-8d3e-4bf2-9518-,Employee_191,2000,2025-08-19 00:43:08
93f1e1e3-cfa2-4ef5-b9f7-,Employee_192,2250,2025-08-20 00:43:08
f1603d55-306a-46b3-8379-,Employee_193,2500,2025-08-21 00:43:08
4926133f-c4b8-4553-879f-,Employee_194,2750,2025-08-22 00:43:08
acfbf978-5b9c-4a0e-b2e2-,Employee_195,3000,2025-08-23 00:43:08
9c24b976-cb73-4167-b1a1-,Employee_196,2000,2025-08-24 00:43:08
90d018f6-ac6f-41f5-a328-,Employee_197,2250,2025-08-25 00:43:08
90a8302a-f45e-44c3-9e1e-,Employee_198,2500,2025-08-26 00:43:08
71d87b1d-c388-40e8-83f7-,Employee_199,2750,2025-08-27 00:43:08
2ec2f8cd-3987-4a9d-8916-,Employee_200,3000,2025-08-28 00:43:08
0b5725b8-706b-42d5-bcee-,Employee_201,2000,2025-08-29 00:43:08
64cd509c-2d9b-4065-856a-,Employee_202,2250,2025-08-30 00:43:08
795f40c6-db11-4525-8388-,Employee_203,2500,2025-08-31 00:43:08
d01af0d1-05b7-4a7c-90f0-,Employee_204,2750,2025-09-01 00:43:08
5efc1cb5-23a1-490d-a48c-,Employee_205,3000,2025-09-02 00:43:08
60db3d84-7032-490d-8b16-,Employee_206,2000,2025-09-03 00:43:08
5dee87f7-5f1e-49bf-bb74-,Employee_207,2250,2025-09-04 00:43:08
3baf3917-ae90-4b08-a659-,Employee_208,2500,2025-09-05 00:43:08
e68a35e4-bdab-49b4-a392-,Employee_209,2750,2025-09-06 00:43:08
46937b0a-ae1f-4c15-bbd0-,Employee_210,3000,2025-09-07 00:43:08
0f5f4c51-7663-4433-94d4-,Employee_211,2000,2025-09-08 00:43:08
87f214b3-928f-4ab4-b291-,Employee_212,2250,2025-09-09 00:43:08
543fe1d5-d0fd-421d-980c-,Employee_213,2500,2025-09-10 00:43:08
894a3229-2c7d-4b07-8970-,Employee_214,2750,2025-09-11 00:43:08
94082062-85c3-4707-a340-,Employee_215,3000,2025-09-12 00:43:08
fba0a421-e8bc-41c7-b9dd-,Employee_216,2000,2025-09-13 00:43:08
66f298b9-b7d9-45e1-8a1b-,Employee_217,2250,2025-09-14 00:43:08
d2b45574-b662-4153-973d-,Employee_218,2500,2025-09-15 00:43:08
27f96d3e-f7a2-457e-bb76-,Employee_219,2750,2025-09-16 00:43:08
2e63110b-54fc-4da7-8ec0-,Employee_220,3000,2025-09-17 00:43:08
2ac7b45f-caf9-42e3-bae8-,Employee_221,2000,2025-09-18 00:43:08
0ecdf92d-966a-469d-a272-,Employee_222,2250,2025-09-19 00:43:08
a1048d53-d665-4604-876f-,Employee_223,2500,2025-09-20 00:43:08
97b37698-1a2f-4b0f-bd0b-,Employee_224,2750,2025-09-21 00:43:08
6d3f80ab-756a-4ee0-8fc1-,Employee_225,3000,2025-09-22 00:43:08
e650e465-dd3a-4dba-aedf-,Employee_226,2000,2025-09-23 00:43:08
bca2047a-773b-450e-b68d-,Employee_227,2250,2025-09-24 00:43:08
bb634094-ad2d-4f76-a776-,Employee_228,2500,2025-09-25 00:43:08
cc572368-a330-4408-9148-,Employee_229,2750,2025-09-26 00:43:08
fe2b1e16-b084-4665-a338-,Employee_230,3000,2025-09-27 00:43:08
cce62321-c423-41c8-a7ca-,Employee_231,2000,2025-09-28 00:43:08
41940d81-7795-45e9-a436-,Employee_232,2250,2025-09-29 00:43:08
7538d8f2-617f-4ec9-a983-,Employee_233,2500,2025-09-30 00:43:08
4afc5d9e-a45c-4bf9-af84-,Employee_234,2750,2025-10-01 00:43:08
ae8f45a2-09bb-4adc-ae61-,Employee_235,3000,2025-10-02 00:43:08
2fbba76a-ad48-49f1-968b-,Employee_236,2000,2025-10-03 00:43:08
5f45a45f-d59f-4e0e-9661-,Employee_237,2250,2025-10-04 00:43:08
90d2bb9d-9371-4cd1-8315-,Employee_238,2500,2025-10-05 00:43:08
b7efd66c-6869-48ff-bd9d-,Employee_239,2750,2025-10-06 00:43:08
5f16a822-1af2-453d-9a08-,Employee_240,3000,2025-10-07 00:43:08
b61c09fa-fb6c-48a0-995e-,Employee_241,2000,2025-10-08 00:43:08
a93a5cb8-afe2-4789-831c-,Employee_242,2250,2025-10-09 00:43:08
0eae81d9-13a0-4e3a-964e-,Employee_243,2500,2025-10-10 00:43:08
6c1e4266-c675-492a-a8c5-,Employee_244,2750,2025-10-11 00:43:08
e14ff8aa-da4f-442e-9456-,Employee_245,3000,2025-10-12 00:43:08
69f41743-f119-4f14-bb2e-,Employee_246,2000,2025-10-13 00:43:08
47cd6e10-c762-4902-a4db-,Employee_247,2250,2025-10-14 00:43:08
b207bf24-eab1-4a51-bbda-,Employee_248,2500,2025-10-15 00:43:08
4d0a6fd5-0b57-4e93-9fb8-,Employee_249,2750,2025-10-16 00:43:08
6af2fe4e-ac47-46d1-b629-,Employee_250,3000,2025-10-17 00:43:08
2b0e0c2b-26d8-45ba-8f2e-,Employee_251,2000,2025-10-18 00:43:08
7631f365-4c29-449f-ab45-,Employee_252,2250,2025-10-19 00:43:08
1c17a597-beed-4796-8674-,Employee_253,2500,2025-10-20 00:43:08
33f912ea-e6ac-4505-81b6-,Employee_254,2750,2025-10-21 00:43:08
53d70d8c-e1c6-4951-af81-,Employee_255,3000,2025-10-22 00:43:08
6f270c09-2132-486a-a470-,Employee_256,2000,2025-10-23 00:43:08
7b9d7861-9678-434d-8e9e-,Employee_257,2250,2025-10-24 00:43:08
f5dc2172-7351-456a-828b-,Employee_258,2500,2025-10-25 00:43:08
fca1aeb9-5cd9-410f-b50e-,Employee_259,2750,2025-10-26 00:43:08
f29c0e3c-f853-467c-898b-,Employee_260,3000,2025-10-27 00:43:08
f97551f9-587d-4d72-8186-,Employee_261,2000,2025-10-28 00:43:08
d9ee8acf-4bae-49f8-94ce-,Employee_262,2250,2025-10-29 00:43:08
90dd2497-dbb2-477c-8dde-,Employee_263,2500,2025-10-30 00:43:08
9f85ad95-5fa0-4ebe-a63c-,Employee_264,2750,2025-10-31 00:43:08
5db78b08-e959-42dc-ae63-,Employee_265,3000,2025-11-01 00:43:08
63719eaa-f2f2-4e2b-b3bc-,Employee_266,2000,2025-11-02 00:43:08
12e87332-0011-4d30-be3f-,Employee_267,2250,2025-11-03 00:43:08
65530ee5-c6dc-45be-8c4a-,Employee_268,2500,2025-11-04 00:43:08
393c8080-ab4d-459c-b60c-,Employee_269,2750,2025-11-05 00:43:08
ea762f17-ab22-4686-8570-,Employee_270,3000,2025-11-06 00:43:08
ea2ea311-1bc7-4b04-9426-,Employee_271,2000,2025-11-07 00:43:08
50205b5a-d4e1-41f7-ad58-,Employee_272,2250,2025-11-08 00:43:08
d15b0feb-9678-4147-9d5b-,Employee_273,2500,2025-11-09 00:43:08
ec5dd353-289e-4571-b88e-,Employee_274,2750,2025-11-10 00:43:08
706cb91c-41f7-4b48-bc03-,Employee_275,3000,2025-11-11 00:43:08
0f89184b-290a-4dcd-8b74-,Employee_276,2000,2025-11-12 00:43:08
76ee4f64-db03-48bd-8ab5-,Employee_277,2250,2025-11-13 00:43:08
02aa1153-54c3-4be1-81b3-,Employee_278,2500,2025-11-14 00:43:08
e85a9926-48a7-459c-97c0-,Employee_279,2750,2025-11-15 00:43:08
268c9fa1-adcc-4d49-8bc1-,Employee_280,3000,2025-11-16 00:43:08
113aa4e7-19ae-4c92-a50c-,Employee_281,2000,2025-11-17 00:43:08
e4b5a26f-662e-4d05-8a9d-,Employee_282,2250,2025-11-18 00:43:08
7fa69715-9ff4-4913-b294-,Employee_283,2500,2025-11-19 00:43:08
8cd835b4-b244-483e-a36c-,Employee_284,2750,2025-11-20 00:43:08
2df127e8-4148-45ed-8cb1-,Employee_285,3000,2025-11-21 00:43:08
98b755a7-a030-4143-9be0-,Employee_286,2000,2025-11-22 00:43:08
bc45df1d-9a4b-4eba-9946-,Employee_287,2250,2025-11-23 00:43:08
ddc09435-b3ed-4bf3-a4ce-,Employee_288,2500,2025-11-24 00:43:08
4e58db48-7f6f-4310-95fb-,Employee_289,2750,2025-11-25 00:43:08
0a5093e8-9c5f-420f-aac2-,Employee_290,3000,2025-11-26 00:43:08
4a122d66-61ca-450c-b394-,Employee_291,2000,2025-11-27 00:43:08
e3f009da-3807-4670-a9ea-,Employee_292,2250,2025-11-28 00:43:08
93a73e10-11d7-417f-995f-,Employee_293,2500,2025-11-29 00:43:08
4e54a54c-5d21-4665-a0cf-,Employee_294,2750,2025-11-30 00:43:08
07513115-2059-48fb-9ba9-,Employee_295,3000,2025-12-01 00:43:08
7a32f19a-f914-414a-8e35-,Employee_296,2000,2025-12-02 00:43:08
9951083e-f801-4835-80aa-,Employee_297,2250,2025-12-03 00:43:08
371212e4-7cfe-48d2-8912-,Employee_298,2500,2025-12-04 00:43:08
189d511c-3daa-404f-892b-,Employee_299,2750,2025-12-05 00:43:08
a53c7944-754c-4bce-b099-,Employee_300,3000,2025-12-06 00:43:08
38071d35-a2e6-420f-b4cf-,Employee_301,2000,2025-12-07 00:43:08
2fce37d6-4530-475b-ba90-,Employee_302,2250,2025-12-08 00:43:08
211199a0-013d-4484-9a51-,Employee_303,2500,2025-12-09 00:43:08
502fa4b2-17a3-4d9e-aeb9-,Employee_304,2750,2025-12-10 00:43:08
3d519ca5-4fc8-4ea1-b2f4-,Employee_305,3000,2025-12-11 00:43:08
453223eb-3e54-4d16-856a-,Employee_306,2000,2025-12-12 00:43:08
50ec667a-6be0-466a-b263-,Employee_307,2250,2025-12-13 00:43:08
ff945bbf-f972-4a45-af9b-,Employee_308,2500,2025-12-14 00:43:08
049bc33e-b84a-413a-ba9e-,Employee_309,2750,2025-12-15 00:43:08
8629aaa3-00ae-4e76-9bbd-,Employee_310,3000,2025-12-16 00:43:08
b230ea56-ffff-4258-ba2b-,Employee_311,2000,2025-12-17 00:43:08
a783b84c-3d7f-4a00-a3ad-,Employee_312,2250,2025-12-18 00:43:08
20e43f2e-4fe4-45ea-a7d0-,Employee_313,2500,2025-12-19 00:43:08
746407b8-d8d6-40a3-834a-,Employee_314,2750,2025-12-20 00:43:08
958f33c1-543f-4a37-8bef-,Employee_315,3000,2025-12-21 00:43:08
3a63116e-008d-4715-926a-,Employee_316,2000,2025-12-22 00:43:08
e97c4190-7760-4efa-aa57-,Employee_317,2250,2025-12-23 00:43:08
368abe5c-967b-48f1-a0a2-,Employee_318,2500,2025-12-24 00:43:08
57380169-41fc-4c22-b4f5-,Employee_319,2750,2025-12-25 00:43:08
cbe02309-9dc8-4976-907b-,Employee_320,3000,2025-12-26 00:43:08
5bb1b45e-5a4c-4882-9047-,Employee_321,2000,2025-12-27 00:43:08
c8086ce2-1fc2-4b56-9f98-,Employee_322,2250,2025-12-28 00:43:08
67b2ff63-260d-4add-8dc4-,Employee_323,2500,2025-12-29 00:43:08
6ba745fb-2189-4047-8b28-,Employee_324,2750,2025-12-30 00:43:08
e204c18c-15ad-42d9-af34-,Employee_325,3000,2025-12-31 00:43:08
ffbcbf0b-bb66-475e-a54c-,Employee_326,2000,2026-01-01 00:43:08
5ea97927-6054-4ec5-b31c-,Employee_327,2250,2026-01-02 00:43:08
32449430-2515-4ce0-9c97-,Employee_328,2500,2026-01-03 00:43:08
d51d80b8-660b-4eb2-b698-,Employee_329,2750,2026-01-04 00:43:08
4d83bec1-d032-4c3d-8a75-,Employee_330,3000,2026-01-05 00:43:08
39357f36-534b-4d1c-a393-,Employee_331,2000,2026-01-06 00:43:08
f28ba28d-6929-434a-adb4-,Employee_332,2250,2026-01-07 00:43:08
453cd53c-5f71-4c6a-8f1e-,Employee_333,2500,2026-01-08 00:43:08
585967fc-5159-4126-935e-,Employee_334,2750,2026-01-09 00:43:08
8d8be2e5-b333-4ef2-88eb-,Employee_335,3000,2026-01-10 00:43:08
02553195-10f3-4cf0-922b-,Employee_336,2000,2026-01-11 00:43:08
0030d79b-b301-4617-884d-,Employee_337,2250,2026-01-12 00:43:08
a2583a97-7975-402f-9600-,Employee_338,2500,2026-01-13 00:43:08
e4f33bc2-dbe9-43a7-81b8-,Employee_339,2750,2026-01-14 00:43:08
7c961844-7118-4e78-a608-,Employee_340,3000,2026-01-15 00:43:08
1038d787-8582-4f19-b9ec-,Employee_341,2000,2026-01-16 00:43:08
daf9718b-5793-4240-974f-,Employee_342,2250,2026-01-17 00:43:08
0da6142d-c3fd-4cc1-90f9-,Employee_343,2500,2026-01-18 00:43:08
1c23e22a-bbc4-446d-84f8-,Employee_344,2750,2026-01-19 00:43:08
37a04310-0eac-47d1-b19e-,Employee_345,3000,2026-01-20 00:43:08
5224ffd2-08f0-4e98-81e2-,Employee_346,2000,2026-01-21 00:43:08
db8fc467-57ca-4774-ae0a-,Employee_347,2250,2026-01-22 00:43:08
747e71bb-1f22-4e6a-9aa2-,Employee_348,2500,2026-01-23 00:43:08
17ef40c9-711f-45f4-948e-,Employee_349,2750,2026-01-24 00:43:08
1e67c4bd-6768-420c-a93c-,Employee_350,3000,2026-01-25 00:43:08
f05dc383-63cc-4a01-81da-,Employee_351,2000,2026-01-26 00:43:08
b50f20d2-0d55-471a-a61f-,Employee_352,2250,2026-01-27 00:43:08
3a9eeadc-5c5f-42be-b74a-,Employee_353,2500,2026-01-28 00:43:08
02a3a3ca-486f-44d6-afd8-,Employee_354,2750,2026-01-29 00:43:08
88d56ccb-0dcc-4f7d-8685-,Employee_355,3000,2026-01-30 00:43:08
d046eeef-8c4c-43e6-9c21-,Employee_356,2000,2026-01-31 00:43:08
9a3ab870-98b8-41f2-bb0c-,Employee_357,2250,2026-02-01 00:43:08
220645df-dd90-4789-99f9-,Employee_358,2500,2026-02-02 00:43:08
9f87d98f-8126-4ca8-b3e1-,Employee_359,2750,2026-02-03 00:43:08
51ea97df-74e6-4d82-9154-,Employee_360,3000,2026-02-04 00:43:08
8143e7ea-17c9-4f24-8f74-,Employee_361,2000,2026-02-05 00:43:08
c3d535c4-4296-42fb-8b03-,Employee_362,2250,2026-02-06 00:43:08
7761b7d8-3d35-4033-8359-,Employee_363,2500,2026-02-07 00:43:08
911ee86d-1ed4-4759-bad7-,Employee_364,2750,2026-02-08 00:43:08
ccc46cfb-5e8c-4a38-b809-,Employee_365,3000,2026-02-09 00:43:08
a054b2ee-19da-4641-bcad-,Employee_366,2000,2026-02-10 00:43:08
76105927-9b64-4f54-80f4-,Employee_367,2250,2026-02-11 00:43:08
5829c2af-0f2b-4b96-91d2-,Employee_368,2500,2026-02-12 00:43:08
902298b0-9fa0-48e6-9fd3-,Employee_369,2750,2026-02-13 00:43:08
bf8ad157-4915-4d0c-adec-,Employee_370,3000,2026-02-14 00:43:08
b1933bc0-75a6-4867-bc63-,Employee_371,2000,2026-02-15 00:43:08
fd66c0c2-81c5-4a1e-b550-,Employee_372,2250,2026-02-16 00:43:08
15b2d910-de96-4e1d-9f1e-,Employee_373,2500,2026-02-17 00:43:08
f86d61fc-cb41-4b87-b29c-,Employee_374,2750,2026-02-18 00:43:08
a9e4ce4e-2dc4-40db-9c2b-,Employee_375,3000,2026-02-19 00:43:08
7bc28415-b446-403f-b771-,Employee_376,2000,2026-02-20 00:43:08
aa8dadd5-1d71-4e2c-b71f-,Employee_377,2250,2026-02-21 00:43:08
9379101c-c50d-4ab9-b164-,Employee_378,2500,2026-02-22 00:43:08
bb2ccb97-cbc3-4177-bb9d-,Employee_379,2750,2026-02-23 00:43:08
8bc9fe13-d6c8-4166-b576-,Employee_380,3000,2026-02-24 00:43:08
c6b52aa2-fde4-4ad6-ba18-,Employee_381,2000,2026-02-25 00:43:08
56aaaa53-95d4-433c-a2c8-,Employee_382,2250,2026-02-26 00:43:08
d9ea04cd-4862-4e03-bbd0-,Employee_383,2500,2026-02-27 00:43:08
3c694e3f-18be-403a-927a-,Employee_384,2750,2026-02-28 00:43:08
de794d5f-d962-4015-9122-,Employee_385,3000,2026-03-01 00:43:08
57097664-2ba5-4bb7-b2ed-,Employee_386,2000,2026-03-02 00:43:08
1849d6b4-0705-4ed4-9d25-,Employee_387,2250,2026-03-03 00:43:08
2f48f133-8b6a-42cf-ae94-,Employee_388,2500,2026-03-04 00:43:08
dca1baf8-390e-4c4c-a75b-,Employee_389,2750,2026-03-05 00:43:08
c46ec8e1-b6fe-4a8b-8f7f-,Employee_390,3000,2026-03-06 00:43:08
2c913ca2-993a-4a01-a2c0-,Employee_391,2000,2026-03-07 00:43:08
fee79fe4-d2d0-402e-a51f-,Employee_392,2250,2026-03-08 00:43:08
5de1cb06-2bfb-451d-ac8a-,Employee_393,2500,2026-03-09 00:43:08
574892b7-628b-441f-902f-,Employee_394,2750,2026-03-10 00:43:08
888ea27f-2721-4396-a915-,Employee_395,3000,2026-03-11 00:43:08
673726c6-adf2-4b85-8853-,Employee_396,2000,2026-03-12 00:43:08
13a073bc-2fae-41e5-89d3-,Employee_397,2250,2026-03-13 00:43:08
a956849e-03aa-4851-8b3d-,Employee_398,2500,2026-03-14 00:43:08
7667b13d-4a1c-4750-83ee-,Employee_399,2750,2026-03-15 00:43:08
78134967-a043-422f-9b2b-,Employee_400,3000,2026-03-16 00:43:08
9924649f-2970-4ee4-bab4-,Employee_401,2000,2026-03-17 00:43:08
8633a303-7508-41a1-9048-,Employee_402,2250,2026-03-18 00:43:08
054069c5-766d-4851-883c-,Employee_403,2500,2026-03-19 00:43:08
45a4afc2-6cbc-4624-945c-,Employee_404,2750,2026-03-20 00:43:08
66bb9deb-605c-4e85-ac9f-,Employee_405,3000,2026-03-21 00:43:08
152977c7-01d2-4e80-8643-,Employee_406,2000,2026-03-22 00:43:08
50dda5e7-fab7-4029-bf01-,Employee_407,2250,2026-03-23 00:43:08
c497dc77-e977-456d-a1c8-,Employee_408,2500,2026-03-24 00:43:08
11b2902e-4965-4866-bb1c-,Employee_409,2750,2026-03-25 00:43:08
c1c7aaa8-f0de-4da5-920d-,Employee_410,3000,2026-03-26 00:43:08
86e4160a-6510-4609-8057-,Employee_411,2000,2026-03-27 00:43:08
69fbfaf4-0db6-49dd-8bf3-,Employee_412,2250,2026-03-28 00:43:08
a87ffa93-e2f6-4f80-a8a2-,Employee_413,2500,2026-03-29 00:43:08
add7d366-0e6b-4795-92ec-,Employee_414,2750,2026-03-30 00:43:08
29e533c3-8416-4200-a407-,Employee_415,3000,2026-03-31 00:43:08
07c6ccbb-46ca-40b0-a097-,Employee_416,2000,2026-04-01 00:43:08
eeb2d8d4-5f1b-4a45-a3f7-,Employee_417,2250,2026-04-02 00:43:08
2e4231cb-0e9f-407f-99b2-,Employee_418,2500,2026-04-03 00:43:08
5c95eeb3-85c0-4bd3-a4d8-,Employee_419,2750,2026-04-04 00:43:08
0c8774ab-075a-473b-a096-,Employee_420,3000,2026-04-05 00:43:08
54b185a3-3084-43e6-928e-,Employee_421,2000,2026-04-06 00:43:08
333eb920-4635-4a56-8e1d-,Employee_422,2250,2026-04-07 00:43:08
77ac427e-51e8-4d40-9ed9-,Employee_423,2500,2026-04-08 00:43:08
639c0c4c-5658-4772-ac9d-,Employee_424,2750,2026-04-09 00:43:08
685f0f4f-eb90-4c06-bd6e-,Employee_425,3000,2026-04-10 00:43:08
c31f8963-1ea1-463c-bcd3-,Employee_426,2000,2026-04-11 00:43:08
5e2c0f95-563a-45c4-89b2-,Employee_427,2250,2026-04-12 00:43:08
bd8a65a6-85c6-40d0-ad91-,Employee_428,2500,2026-04-13 00:43:08
e234d064-7c88-4869-a3f2-,Employee_429,2750,2026-04-14 00:43:08
bf290d9b-d009-4ea6-bb25-,Employee_430,3000,2026-04-15 00:43:08
ffb87733-79fb-477d-8695-,Employee_431,2000,2026-04-16 00:43:08
1188d2a9-6ffe-48d6-879b-,Employee_432,2250,2026-04-17 00:43:08
69738afc-fd08-44a3-94b7-,Employee_433,2500,2026-04-18 00:43:08
2a19cfc7-f687-4a71-a7dd-,Employee_434,2750,2026-04-19 00:43:08
7115205d-261c-4561-b952-,Employee_435,3000,2026-04-20 00:43:08
35c366a8-6962-4230-80d0-,Employee_436,2000,2026-04-21 00:43:08
3d22fa37-3706-493a-9b3e-,Employee_437,2250,2026-04-22 00:43:08
6929cc1d-d4cc-48dc-86b2-,Employee_438,2500,2026-04-23 00:43:08
cfd22b7d-58d0-4b51-ae00-,Employee_439,2750,2026-04-24 00:43:08
577c6c08-43a3-4e1d-85e1-,Employee_440,3000,2026-04-25 00:43:08
3c7341cf-5ae4-47e1-ad9f-,Employee_441,2000,2026-04-26 00:43:08
e8d8b863-66b6-4782-b0f5-,Employee_442,2250,2026-04-27 00:43:08
3888efc8-5fdd-4f6f-927d-,Employee_443,2500,2026-04-28 00:43:08
193eb36c-1507-422f-99ed-,Employee_444,2750,2026-04-29 00:43:08
e806af10-182c-48a6-a7c3-,Employee_445,3000,2026-04-30 00:43:08
e35eb1ae-9f61-438e-ac7c-,Employee_446,2000,2026-05-01 00:43:08
9c8005d1-df09-43a9-afc7-,Employee_447,2250,2026-05-02 00:43:08
5d31a71b-4f17-47b0-8ce7-,Employee_448,2500,2026-05-03 00:43:08
6054d2ba-e98a-4905-8e61-,Employee_449,2750,2026-05-04 00:43:08
0e6e2283-77e4-44ba-8371-,Employee_450,3000,2026-05-05 00:43:08
2a345b58-d69c-43aa-b283-,Employee_451,2000,2026-05-06 00:43:08
509ce937-8b62-4949-95dd-,Employee_452,2250,2026-05-07 00:43:08
7c3f8d54-2be5-4a02-b7e5-,Employee_453,2500,2026-05-08 00:43:08
2d53ad6b-1c9d-441a-89ea-,Employee_454,2750,2026-05-09 00:43:08
227a6b2e-6c71-45f9-a078-,Employee_455,3000,2026-05-10 00:43:08
15383b11-0838-4f2c-8fd4-,Employee_456,2000,2026-05-11 00:43:08
e2ada281-ec82-48da-8a11-,Employee_457,2250,2026-05-12 00:43:08
286fe627-e9ae-4760-9286-,Employee_458,2500,2026-05-13 00:43:08
1aa2b419-788e-4458-808b-,Employee_459,2750,2026-05-14 00:43:08
6a5a5cff-2739-457c-81d9-,Employee_460,3000,2026-05-15 00:43:08
55978811-ba69-43d5-a4ef-,Employee_461,2000,2026-05-16 00:43:08
90b33cb5-cc37-4694-8804-,Employee_462,2250,2026-05-17 00:43:08
1f80ac3c-3f42-4d40-8afb-,Employee_463,2500,2026-05-18 00:43:08
514f6fa0-7730-47ca-a083-,Employee_464,2750,2026-05-19 00:43:08
aeb88b59-7a7d-4b5d-bcb1-,Employee_465,3000,2026-05-20 00:43:08
e398207f-04a2-4cdc-baba-,Employee_466,2000,2026-05-21 00:43:08
cd490b3f-9460-4060-8da7-,Employee_467,2250,2026-05-22 00:43:08
29c01ab4-3890-40cd-a676-,Employee_468,2500,2026-05-23 00:43:08
a4a119e6-2688-4efd-bdc9-,Employee_469,2750,2026-05-24 00:43:08
c3856fbf-b4e2-40ee-8a9f-,Employee_470,3000,2026-05-25 00:43:08
8f6e99d0-7450-4cdc-8bae-,Employee_471,2000,2026-05-26 00:43:08
37a4707d-8f73-45ca-a22f-,Employee_472,2250,2026-05-27 00:43:08
da1a427a-f9da-489b-8b8c-,Employee_473,2500,2026-05-28 00:43:08
c2d25c95-9c21-4d61-93e9-,Employee_474,2750,2026-05-29 00:43:08
d407ff61-64b7-472e-ba9d-,Employee_475,3000,2026-05-30 00:43:08
a4bcb5f9-c54f-4a80-9319-,Employee_476,2000,2026-05-31 00:43:08
aa8f7221-4668-4146-a011-,Employee_477,2250,2026-06-01 00:43:08
ee02a21a-829a-4b98-9f0e-,Employee_478,2500,2026-06-02 00:43:08
2d89c670-f8a3-451d-9718-,Employee_479,2750,2026-06-03 00:43:08
eca5c170-e9d8-497e-ba1c-,Employee_480,3000,2026-06-04 00:43:08
fc7a2ec3-0cf5-46cb-b8b8-,Employee_481,2000,2026-06-05 00:43:08
b27c7005-8dcb-4c8b-a85f-,Employee_482,2250,2026-06-06 00:43:08
f54335bc-5de4-4235-88c7-,Employee_483,2500,2026-06-07 00:43:08
acab924a-c474-4577-ad4f-,Employee_484,2750,2026-06-08 00:43:08
e835332a-a691-47bc-9816-,Employee_485,3000,2026-06-09 00:43:08
c859153d-f5a4-40fb-a972-,Employee_486,2000,2026-06-10 00:43:08
f1af570f-d7de-4105-86ea-,Employee_487,2250,2026-06-11 00:43:08
9dacb0a2-03d0-4cb6-b08b-,Employee_488,2500,2026-06-12 00:43:08
539ca408-0562-436c-b2fc-,Employee_489,2750,2026-06-13 00:43:08
80ce7c19-5b00-4a73-a165-,Employee_490,3000,2026-06-14 00:43:08
aeb761e3-1aec-43a5-838d-,Employee_491,2000,2026-06-15 00:43:08
53b393f1-adb2-44c1-b3fe-,Employee_492,2250,2026-06-16 00:43:08
147f6213-2ed1-4dc5-bcdc-,Employee_493,2500,2026-06-17 00:43:08
6dbeb42e-9ba9-411d-b126-,Employee_494,2750,2026-06-18 00:43:08
e4f69547-dc78-409b-94a6-,Employee_495,3000,2026-06-19 00:43:08
5dd5225b-1f10-4f8f-ab5a-,Employee_496,2000,2026-06-20 00:43:08
0847b9c6-1acc-4009-a56f-,Employee_497,2250,2026-06-21 00:43:08
2d8806a3-76c5-44e6-af7f-,Employee_498,2500,2026-06-22 00:43:08
5f4e572a-82e2-484d-8409-,Employee_499,2750,2026-06-23 00:43:08
da411772-e148-4635-a9b1-,Employee_500,3000,2026-06-24 00:43:08
